bundle,workload,seam,condition,service_lifecycle_id,started_at_utc,protocol_fingerprint,completed,failed,applied_recompute,applied_partial_reuse,applied_full_reuse,realized_recompute,realized_partial_reuse,realized_full_reuse,mean_ttft_ms,p95_ttft_ms,mean_latency_ms,p95_latency_ms,request_throughput_rps,output_throughput_toks
dynamic_rag_corpus_update/segmented_tuned/round_01_sequence_25,dynamic_rag_corpus_update,segmented,tuned,2026-08-01T05:28:30.341716Z-pid-2533938,2026-08-01T05:28:31.910546Z,51f8e720b121ab5492f2adbc3e6cddf7752b6e080f0ea194fbbd57140cb6c5a3,32,0,0,8,24,16,16,0,404.249,667.946,1797.301,2062.017,2.204,158.718
dynamic_rag_corpus_update/segmented_tuned/round_02_sequence_26,dynamic_rag_corpus_update,segmented,tuned,2026-08-01T05:31:49.642174Z-pid-2537364,2026-08-01T05:31:51.231780Z,51f8e720b121ab5492f2adbc3e6cddf7752b6e080f0ea194fbbd57140cb6c5a3,32,0,0,8,24,16,16,0,407.102,693.172,1804.283,2065.918,2.196,158.143
dynamic_rag_corpus_update/segmented_tuned/round_03_sequence_27,dynamic_rag_corpus_update,segmented,tuned,2026-08-01T05:35:01.314778Z-pid-2540728,2026-08-01T05:35:02.901956Z,51f8e720b121ab5492f2adbc3e6cddf7752b6e080f0ea194fbbd57140cb6c5a3,32,0,0,8,24,16,16,0,417.971,709.759,1799.752,2061.441,2.202,158.551
shared_scenario_multi_turn_knowledge_service/old_baseline/round_01_sequence_01,shared_scenario_multi_turn_knowledge_service,old,baseline,2026-08-01T04:13:43.419967Z-pid-2458389,2026-08-01T04:13:44.973864Z,e05dc1bf54e11cfdec742df4693d7ee35aaf6c4ee4757bd90a49db888d0e81cf,32,0,8,0,24,16,16,0,171.814,243.535,1204.973,1316.531,3.281,209.964
shared_scenario_multi_turn_knowledge_service/old_baseline/round_02_sequence_06,shared_scenario_multi_turn_knowledge_service,old,baseline,2026-08-01T04:28:48.342516Z-pid-2474415,2026-08-01T04:28:49.924577Z,e05dc1bf54e11cfdec742df4693d7ee35aaf6c4ee4757bd90a49db888d0e81cf,32,0,8,0,24,16,16,0,170.956,240.459,1199.63,1304.086,3.295,210.883
shared_scenario_multi_turn_knowledge_service/old_baseline/round_03_sequence_11,shared_scenario_multi_turn_knowledge_service,old,baseline,2026-08-01T04:44:22.838552Z-pid-2488928,2026-08-01T04:44:24.437551Z,e05dc1bf54e11cfdec742df4693d7ee35aaf6c4ee4757bd90a49db888d0e81cf,32,0,8,0,24,16,16,0,165.341,248.776,1185.661,1304.568,3.333,213.33
shared_scenario_multi_turn_knowledge_service/old_tuned/round_01_sequence_03,shared_scenario_multi_turn_knowledge_service,old,tuned,2026-08-01T04:19:38.443478Z-pid-2464613,2026-08-01T04:19:40.040274Z,e05dc1bf54e11cfdec742df4693d7ee35aaf6c4ee4757bd90a49db888d0e81cf,32,0,0,0,32,8,24,0,159.344,238.606,1188.315,1304.439,3.325,212.789
shared_scenario_multi_turn_knowledge_service/old_tuned/round_02_sequence_08,shared_scenario_multi_turn_knowledge_service,old,tuned,2026-08-01T04:34:52.967632Z-pid-2480731,2026-08-01T04:34:54.542634Z,e05dc1bf54e11cfdec742df4693d7ee35aaf6c4ee4757bd90a49db888d0e81cf,32,0,0,0,32,8,24,0,153.58,241.654,1186.029,1316.648,3.333,213.336
shared_scenario_multi_turn_knowledge_service/old_tuned/round_03_sequence_09,shared_scenario_multi_turn_knowledge_service,old,tuned,2026-08-01T04:38:00.234177Z-pid-2482739,2026-08-01T04:38:01.866296Z,e05dc1bf54e11cfdec742df4693d7ee35aaf6c4ee4757bd90a49db888d0e81cf,32,0,0,0,32,8,24,0,152.902,220.317,1178.535,1282.558,3.353,214.57
shared_scenario_multi_turn_knowledge_service/segmented_baseline/round_01_sequence_04,shared_scenario_multi_turn_knowledge_service,segmented,baseline,2026-08-01T04:22:41.725144Z-pid-2467879,2026-08-01T04:22:43.284143Z,e05dc1bf54e11cfdec742df4693d7ee35aaf6c4ee4757bd90a49db888d0e81cf,32,0,8,0,24,16,16,0,174.505,270.547,1198.32,1327.404,3.296,210.964
shared_scenario_multi_turn_knowledge_service/segmented_baseline/round_02_sequence_07,shared_scenario_multi_turn_knowledge_service,segmented,baseline,2026-08-01T04:31:51.729369Z-pid-2477488,2026-08-01T04:31:53.308514Z,e05dc1bf54e11cfdec742df4693d7ee35aaf6c4ee4757bd90a49db888d0e81cf,32,0,8,0,24,16,16,0,164.495,231.096,1182.158,1244.84,3.344,213.999
shared_scenario_multi_turn_knowledge_service/segmented_baseline/round_03_sequence_10,shared_scenario_multi_turn_knowledge_service,segmented,baseline,2026-08-01T04:41:13.566052Z-pid-2485835,2026-08-01T04:41:15.146831Z,e05dc1bf54e11cfdec742df4693d7ee35aaf6c4ee4757bd90a49db888d0e81cf,32,0,8,0,24,16,16,0,165.213,227.971,1195.871,1286.777,3.3,211.221
shared_scenario_multi_turn_knowledge_service/segmented_tuned/round_01_sequence_02,shared_scenario_multi_turn_knowledge_service,segmented,tuned,2026-08-01T04:16:30.927182Z-pid-2461305,2026-08-01T04:16:32.501453Z,e05dc1bf54e11cfdec742df4693d7ee35aaf6c4ee4757bd90a49db888d0e81cf,32,0,0,16,16,8,24,0,168.437,259.436,1187.498,1308.232,3.328,213.006
shared_scenario_multi_turn_knowledge_service/segmented_tuned/round_02_sequence_05,shared_scenario_multi_turn_knowledge_service,segmented,tuned,2026-08-01T04:25:53.014292Z-pid-2471208,2026-08-01T04:25:54.595964Z,e05dc1bf54e11cfdec742df4693d7ee35aaf6c4ee4757bd90a49db888d0e81cf,32,0,0,16,16,8,24,0,161.547,245.701,1180.394,1300.978,3.347,214.228
shared_scenario_multi_turn_knowledge_service/segmented_tuned/round_03_sequence_12,shared_scenario_multi_turn_knowledge_service,segmented,tuned,2026-08-01T04:47:26.200375Z-pid-2491972,2026-08-01T04:47:27.776702Z,e05dc1bf54e11cfdec742df4693d7ee35aaf6c4ee4757bd90a49db888d0e81cf,32,0,0,16,16,8,24,0,167.737,225.005,1198.139,1272.12,3.299,211.129
shared_tool_scaffold_agent/old_baseline/round_01_sequence_13,shared_tool_scaffold_agent,old,baseline,2026-08-01T04:50:29.482468Z-pid-2495212,2026-08-01T04:50:31.059124Z,53b7cca85ee96a1609ae3c960e13f1cba78a93633f787694e318e575959f244d,32,0,8,0,24,16,16,0,147.322,182.568,2177.028,2211.566,1.812,231.924
shared_tool_scaffold_agent/old_baseline/round_02_sequence_18,shared_tool_scaffold_agent,old,baseline,2026-08-01T05:06:14.870672Z-pid-2511397,2026-08-01T05:06:16.450098Z,53b7cca85ee96a1609ae3c960e13f1cba78a93633f787694e318e575959f244d,32,0,8,0,24,16,16,0,148.252,195.748,2193.444,2263.586,1.799,230.286
shared_tool_scaffold_agent/old_baseline/round_03_sequence_23,shared_tool_scaffold_agent,old,baseline,2026-08-01T05:22:17.411066Z-pid-2527562,2026-08-01T05:22:18.988150Z,53b7cca85ee96a1609ae3c960e13f1cba78a93633f787694e318e575959f244d,32,0,8,0,24,16,16,0,143.798,184.47,2172.15,2235.214,1.815,232.318
shared_tool_scaffold_agent/old_tuned/round_01_sequence_15,shared_tool_scaffold_agent,old,tuned,2026-08-01T04:56:33.852792Z-pid-2501501,2026-08-01T04:56:35.432479Z,53b7cca85ee96a1609ae3c960e13f1cba78a93633f787694e318e575959f244d,32,0,8,0,24,16,16,0,147.104,190.943,2187.224,2231.857,1.804,230.911
shared_tool_scaffold_agent/old_tuned/round_02_sequence_20,shared_tool_scaffold_agent,old,tuned,2026-08-01T05:12:35.820026Z-pid-2517854,2026-08-01T05:12:37.409828Z,53b7cca85ee96a1609ae3c960e13f1cba78a93633f787694e318e575959f244d,32,0,8,0,24,16,16,0,144.103,183.292,2166.511,2213.541,1.821,233.063
shared_tool_scaffold_agent/old_tuned/round_03_sequence_21,shared_tool_scaffold_agent,old,tuned,2026-08-01T05:15:50.915261Z-pid-2521025,2026-08-01T05:15:52.527254Z,53b7cca85ee96a1609ae3c960e13f1cba78a93633f787694e318e575959f244d,32,0,8,0,24,16,16,0,146.947,183.631,2177.156,2230.863,1.812,231.908
shared_tool_scaffold_agent/segmented_baseline/round_01_sequence_16,shared_tool_scaffold_agent,segmented,baseline,2026-08-01T04:59:47.414101Z-pid-2504885,2026-08-01T04:59:48.983263Z,53b7cca85ee96a1609ae3c960e13f1cba78a93633f787694e318e575959f244d,32,0,8,0,24,16,16,0,149.218,184.154,2198.676,2240.84,1.794,229.685
shared_tool_scaffold_agent/segmented_baseline/round_02_sequence_19,shared_tool_scaffold_agent,segmented,baseline,2026-08-01T05:09:26.357738Z-pid-2514533,2026-08-01T05:09:27.926087Z,53b7cca85ee96a1609ae3c960e13f1cba78a93633f787694e318e575959f244d,32,0,8,0,24,16,16,0,153.676,226.804,2197.983,2312.805,1.794,229.648
shared_tool_scaffold_agent/segmented_baseline/round_03_sequence_22,shared_tool_scaffold_agent,segmented,baseline,2026-08-01T05:19:10.259867Z-pid-2524452,2026-08-01T05:19:11.837474Z,53b7cca85ee96a1609ae3c960e13f1cba78a93633f787694e318e575959f244d,32,0,8,0,24,16,16,0,148.072,188.672,2179.907,2221.394,1.81,231.71
shared_tool_scaffold_agent/segmented_tuned/round_01_sequence_14,shared_tool_scaffold_agent,segmented,tuned,2026-08-01T04:53:28.692253Z-pid-2498444,2026-08-01T04:53:30.272779Z,53b7cca85ee96a1609ae3c960e13f1cba78a93633f787694e318e575959f244d,32,0,8,8,16,16,16,0,143.286,183.963,2175.099,2224.475,1.814,232.169
shared_tool_scaffold_agent/segmented_tuned/round_02_sequence_17,shared_tool_scaffold_agent,segmented,tuned,2026-08-01T05:03:00.886115Z-pid-2508016,2026-08-01T05:03:02.499529Z,53b7cca85ee96a1609ae3c960e13f1cba78a93633f787694e318e575959f244d,32,0,8,8,16,16,16,0,149.093,208.128,2230.923,2311.883,1.769,226.394
shared_tool_scaffold_agent/segmented_tuned/round_03_sequence_24,shared_tool_scaffold_agent,segmented,tuned,2026-08-01T05:25:20.943581Z-pid-2530813,2026-08-01T05:25:22.506381Z,53b7cca85ee96a1609ae3c960e13f1cba78a93633f787694e318e575959f244d,32,0,8,8,16,16,16,0,151.439,184.354,2189.768,2231.386,1.802,230.678
