workload,stage,policy_mode,lifecycles,requests,mean_ttft_ms,mean_latency_ms,mean_request_throughput_rps,reused_tokens,recomputed_tokens,lookup_ms,commit_ms,tail_isolation_ms,observed_recompute,effective_recompute,realized_recompute,observed_partial_reuse,effective_partial_reuse,realized_partial_reuse,observed_full_reuse,effective_full_reuse,realized_full_reuse,fallback_reasons
shared_code_eval_judge,real-online/m2-significance-confirmation,always_full_reuse,5,320,173.26,1711.5856,2.3094,40960,168960,9.048332,564.849538,0.0,0,0,240,0,0,80,320,320,0,{}
shared_code_eval_judge,real-online/m2-significance-confirmation,always_recompute,5,320,186.4058,1722.4574,2.294,0,209920,0.798389,226.045306,0.0,320,320,320,0,0,0,0,0,0,{}
shared_code_eval_judge,real-online/m2-significance-confirmation,controller,5,320,174.7618,1714.8856,2.3054,39040,170880,9.045742,561.810194,0.203844,0,0,240,320,5,80,0,315,0,"{""block_aligned_partial_reuse_dominated_by_full_reuse"": 315, ""partial_reuse_cut_point_realigned_to_runtime_hash_blocks"": 5}"
shared_code_eval_judge,real-online/m2-stateful-secondary-pilot,always_full_reuse,1,64,174.883,1700.788,2.323,8192,33792,1.790898,111.564459,0.0,0,0,48,0,0,16,64,64,0,{}
shared_code_eval_judge,real-online/m2-stateful-secondary-pilot,always_recompute,1,64,182.759,1717.496,2.3,0,41984,0.155388,43.863645,0.0,64,64,64,0,0,0,0,0,0,{}
shared_code_eval_judge,real-online/m2-stateful-secondary-pilot,controller,1,64,172.766,1696.826,2.327,7808,34176,1.751067,109.611572,0.016091,0,0,48,64,1,16,0,63,0,"{""block_aligned_partial_reuse_dominated_by_full_reuse"": 63, ""partial_reuse_cut_point_realigned_to_runtime_hash_blocks"": 1}"
shared_dynamic_rag_corpus_update,real-online/m2-catalog-closure-pilot,always_full_reuse,1,64,328.124,1679.575,2.365,86016,110884,3.518245,93.668848,0.0,0,0,32,0,0,32,64,64,0,{}
shared_dynamic_rag_corpus_update,real-online/m2-catalog-closure-pilot,always_recompute,1,64,502.187,1934.072,2.056,0,196900,0.162458,33.824727,0.0,64,64,64,0,0,0,0,0,0,{}
shared_dynamic_rag_corpus_update,real-online/m2-catalog-closure-pilot,controller,1,64,409.076,1785.109,2.226,53248,143652,3.089006,93.686831,0.24816,0,0,32,16,16,32,48,48,0,"{""partial_reuse_cut_point_realigned_to_runtime_hash_blocks"": 16}"
shared_experiment_planning_assistant,real-online/m2-catalog-closure-pilot,always_full_reuse,1,64,189.515,3291.902,1.201,36864,44544,2.457607,225.586644,0.0,0,0,16,0,0,48,64,64,0,{}
shared_experiment_planning_assistant,real-online/m2-catalog-closure-pilot,always_recompute,1,64,252.557,3410.719,1.164,0,81408,0.165898,94.432494,0.0,64,64,64,0,0,0,0,0,0,{}
shared_experiment_planning_assistant,real-online/m2-catalog-closure-pilot,controller,1,64,198.639,3308.083,1.196,28672,52736,2.410379,235.912555,0.38724,0,0,16,64,32,48,0,32,0,"{""block_aligned_partial_reuse_dominated_by_full_reuse"": 32, ""partial_reuse_cut_point_realigned_to_runtime_hash_blocks"": 32}"
shared_long_context_doc_analysis,real-online/m2-catalog-closure-pilot,always_full_reuse,1,48,293.458,1501.06,2.641,152064,65026,4.102021,63.488605,0.0,0,0,12,0,0,36,48,48,0,{}
shared_long_context_doc_analysis,real-online/m2-catalog-closure-pilot,always_recompute,1,48,673.077,2192.745,1.811,0,217090,0.131471,21.769841,0.0,48,48,48,0,0,0,0,0,0,{}
shared_long_context_doc_analysis,real-online/m2-catalog-closure-pilot,controller,1,48,286.36,1519.935,2.61,145664,71426,4.00342,59.565168,0.047971,0,0,12,12,2,36,36,46,0,"{""block_aligned_partial_reuse_dominated_by_full_reuse"": 10, ""partial_reuse_cut_point_realigned_to_runtime_hash_blocks"": 2}"
shared_long_context_doc_analysis,real-online/m2-significance-confirmation,always_full_reuse,5,240,284.8416,1539.7708,2.5748,760320,325130,19.315963,298.116229,0.0,0,0,60,0,0,180,240,240,0,{}
shared_long_context_doc_analysis,real-online/m2-significance-confirmation,always_recompute,5,240,673.7508,2196.4694,1.8086,0,1085450,0.661315,114.751811,0.0,240,240,240,0,0,0,0,0,0,{}
shared_long_context_doc_analysis,real-online/m2-significance-confirmation,controller,5,240,295.3752,1554.4356,2.5518,728320,357130,18.997046,292.587579,0.266576,0,0,60,60,10,180,180,230,0,"{""block_aligned_partial_reuse_dominated_by_full_reuse"": 50, ""partial_reuse_cut_point_realigned_to_runtime_hash_blocks"": 10}"
shared_memory_write_then_reuse,real-online/m2-stateful-secondary-pilot,always_full_reuse,1,64,150.599,1714.304,2.311,20480,34912,2.214297,117.346047,0.0,0,0,16,0,0,48,64,64,0,{}
shared_memory_write_then_reuse,real-online/m2-stateful-secondary-pilot,always_recompute,1,64,196.511,1774.303,2.237,0,55392,0.152413,45.756686,0.0,64,64,64,0,0,0,0,0,0,{}
shared_memory_write_then_reuse,real-online/m2-stateful-secondary-pilot,controller,1,64,156.37,1725.808,2.295,16384,39008,2.153007,115.26188,0.175762,0,0,16,64,16,48,0,48,0,"{""block_aligned_partial_reuse_dominated_by_full_reuse"": 48, ""partial_reuse_cut_point_realigned_to_runtime_hash_blocks"": 16}"
shared_multi_turn_support_chat,real-online/m2-stateful-secondary-pilot,always_full_reuse,1,64,159.238,1729.637,2.295,4096,46704,1.855363,119.82562,0.0,0,0,48,0,0,16,64,64,0,{}
shared_multi_turn_support_chat,real-online/m2-stateful-secondary-pilot,always_recompute,1,64,190.614,1783.564,2.225,0,50800,0.167235,47.612647,0.0,64,64,64,0,0,0,0,0,0,{}
shared_multi_turn_support_chat,real-online/m2-stateful-secondary-pilot,controller,1,64,335.557,2126.054,1.871,2048,48752,1.76921,119.038811,0.197907,0,0,48,64,16,16,0,48,0,"{""block_aligned_partial_reuse_dominated_by_full_reuse"": 48, ""partial_reuse_cut_point_realigned_to_runtime_hash_blocks"": 16}"
shared_preemption_resume_long_decode,real-online/m2-catalog-closure-pilot,always_full_reuse,1,48,195.978,3366.894,1.177,36864,39664,2.159616,165.594643,0.0,0,0,12,0,0,36,48,48,0,{}
shared_preemption_resume_long_decode,real-online/m2-catalog-closure-pilot,always_recompute,1,48,285.859,3519.788,1.129,0,76528,0.12741,68.289583,0.0,48,48,48,0,0,0,0,0,0,{}
shared_preemption_resume_long_decode,real-online/m2-catalog-closure-pilot,controller,1,48,235.08,3435.016,1.154,24576,51952,1.92713,176.300381,0.15517,0,0,12,48,12,36,0,36,0,"{""block_aligned_partial_reuse_dominated_by_full_reuse"": 36, ""partial_reuse_cut_point_realigned_to_runtime_hash_blocks"": 12}"
shared_rag_followup,real-online/m2-catalog-closure-pilot,always_full_reuse,1,64,223.599,1087.345,3.65,110592,61920,3.718089,58.172923,0.0,0,0,16,0,0,48,64,64,0,{}
shared_rag_followup,real-online/m2-catalog-closure-pilot,always_recompute,1,64,464.841,1451.559,2.739,0,172512,0.168137,22.810043,0.0,64,64,64,0,0,0,0,0,0,{}
shared_rag_followup,real-online/m2-catalog-closure-pilot,controller,1,64,312.826,1174.947,3.379,81920,90592,3.181094,62.792056,0.220424,0,0,16,16,16,48,48,48,0,"{""partial_reuse_cut_point_realigned_to_runtime_hash_blocks"": 16}"
shared_realtime_voice_assistant,real-online/m2-catalog-closure-pilot,always_full_reuse,1,64,156.75,1325.517,2.992,43008,32676,2.596262,86.979455,0.0,0,0,16,0,0,48,64,64,0,{}
shared_realtime_voice_assistant,real-online/m2-catalog-closure-pilot,always_recompute,1,64,219.384,1454.299,2.734,0,75684,0.1764,35.861866,0.0,64,64,64,0,0,0,0,0,0,{}
shared_realtime_voice_assistant,real-online/m2-catalog-closure-pilot,controller,1,64,193.294,1365.285,2.904,32768,42916,2.589801,90.935571,0.253569,0,0,16,64,16,48,0,48,0,"{""block_aligned_partial_reuse_dominated_by_full_reuse"": 48, ""partial_reuse_cut_point_realigned_to_runtime_hash_blocks"": 16}"
shared_repo_aware_coding_assistant,real-online/m2-catalog-closure-pilot,always_full_reuse,1,64,178.146,2276.255,1.739,49152,35748,2.949552,151.298673,0.0,0,0,16,0,0,48,64,64,0,{}
shared_repo_aware_coding_assistant,real-online/m2-catalog-closure-pilot,always_recompute,1,64,258.16,2471.556,1.608,0,84900,0.158201,58.892347,0.0,64,64,64,0,0,0,0,0,0,{}
shared_repo_aware_coding_assistant,real-online/m2-catalog-closure-pilot,controller,1,64,200.75,2309.961,1.713,36864,48036,2.628648,163.626357,0.215254,0,0,16,64,16,48,0,48,0,"{""block_aligned_partial_reuse_dominated_by_full_reuse"": 48, ""partial_reuse_cut_point_realigned_to_runtime_hash_blocks"": 16}"
shared_session_affine_bursty,real-online/m2-catalog-closure-pilot,always_full_reuse,1,64,195.921,2264.96,1.748,15360,47650,2.025676,156.381155,0.0,0,0,24,0,0,40,64,64,0,{}
shared_session_affine_bursty,real-online/m2-catalog-closure-pilot,always_recompute,1,64,216.169,2290.108,1.732,0,63010,0.158782,58.850529,0.0,64,64,64,0,0,0,0,0,0,{}
shared_session_affine_bursty,real-online/m2-catalog-closure-pilot,controller,1,64,198.168,2263.126,1.751,11264,51746,1.931783,158.493853,0.276486,0,0,24,64,20,40,0,44,0,"{""block_aligned_partial_reuse_dominated_by_full_reuse"": 44, ""partial_reuse_cut_point_realigned_to_runtime_hash_blocks"": 20}"
shared_session_affine_bursty,real-online/m2-significance-confirmation,always_full_reuse,5,320,193.0282,2254.37,1.7568,76800,238250,9.98704,755.305344,0.0,0,0,120,0,0,200,320,320,0,{}
shared_session_affine_bursty,real-online/m2-significance-confirmation,always_recompute,5,320,212.8232,2293.5188,1.7302,0,315050,0.800007,297.63894,0.0,320,320,320,0,0,0,0,0,0,{}
shared_session_affine_bursty,real-online/m2-significance-confirmation,controller,5,320,197.423,2264.509,1.75,56320,258730,9.682146,776.932623,1.343574,0,0,120,320,100,200,0,220,0,"{""block_aligned_partial_reuse_dominated_by_full_reuse"": 220, ""partial_reuse_cut_point_realigned_to_runtime_hash_blocks"": 100}"
shared_session_affine_multi_turn,real-online/m2-catalog-closure-pilot,always_full_reuse,1,64,162.489,1706.272,2.316,30720,28188,2.34384,122.903937,0.0,0,0,16,0,0,48,64,64,0,{}
shared_session_affine_multi_turn,real-online/m2-catalog-closure-pilot,always_recompute,1,64,210.947,1777.109,2.231,0,58908,0.160513,46.5506,0.0,64,64,64,0,0,0,0,0,0,{}
shared_session_affine_multi_turn,real-online/m2-catalog-closure-pilot,controller,1,64,182.704,1734.885,2.28,20480,38428,2.392384,127.446565,0.428199,0,0,16,64,32,48,0,32,0,"{""block_aligned_partial_reuse_dominated_by_full_reuse"": 32, ""partial_reuse_cut_point_realigned_to_runtime_hash_blocks"": 16}"
shared_simulation_analysis_verification,real-online/m2-catalog-closure-pilot,always_full_reuse,1,64,205.092,2288.906,1.731,18432,54668,2.216637,160.803933,0.0,0,0,16,0,0,48,64,64,0,{}
shared_simulation_analysis_verification,real-online/m2-catalog-closure-pilot,always_recompute,1,64,229.296,2325.294,1.706,0,73100,0.165599,58.825484,0.0,64,64,64,0,0,0,0,0,0,{}
shared_simulation_analysis_verification,real-online/m2-catalog-closure-pilot,controller,1,64,209.611,2301.527,1.722,14336,58764,2.13706,163.607868,0.23163,0,0,16,64,16,48,0,48,0,"{""block_aligned_partial_reuse_dominated_by_full_reuse"": 48, ""partial_reuse_cut_point_realigned_to_runtime_hash_blocks"": 16}"
shared_structured_json_generation,real-online/m2-significance-confirmation,always_full_reuse,5,320,166.6994,1710.1518,2.315,61440,174140,10.047592,566.567982,0.0,0,0,80,0,0,240,320,320,0,{}
shared_structured_json_generation,real-online/m2-significance-confirmation,always_recompute,5,320,177.4382,1719.7598,2.307,0,235580,0.777003,227.733862,0.0,320,320,320,0,0,0,0,0,0,{}
shared_structured_json_generation,real-online/m2-significance-confirmation,controller,5,320,168.094,1693.72,2.3352,60800,174780,9.854027,571.099353,0.113012,0,0,80,320,5,240,0,315,0,"{""block_aligned_partial_reuse_dominated_by_full_reuse"": 315, ""partial_reuse_cut_point_realigned_to_runtime_hash_blocks"": 5}"
shared_structured_json_generation,real-online/m2-stateful-secondary-pilot,always_full_reuse,1,64,169.49,1690.534,2.342,12288,34828,1.863169,114.835995,0.0,0,0,16,0,0,48,64,64,0,{}
shared_structured_json_generation,real-online/m2-stateful-secondary-pilot,always_recompute,1,64,175.814,1726.123,2.3,0,47116,0.155895,45.313284,0.0,64,64,64,0,0,0,0,0,0,{}
shared_structured_json_generation,real-online/m2-stateful-secondary-pilot,controller,1,64,171.039,1711.068,2.311,12160,34956,1.957197,113.5545,0.037711,0,0,16,64,1,48,0,63,0,"{""block_aligned_partial_reuse_dominated_by_full_reuse"": 63, ""partial_reuse_cut_point_realigned_to_runtime_hash_blocks"": 1}"
