bundle,workload,seam,condition,service_lifecycle_id,started_at_utc,protocol_fingerprint,completed,failed,effective_recompute,effective_partial_reuse,effective_full_reuse,mean_ttft_ms,p95_ttft_ms,mean_latency_ms,p95_latency_ms,request_throughput_rps,output_throughput_toks
dynamic_rag_corpus_update/segmented_tuned/round_01_sequence_25,dynamic_rag_corpus_update,segmented,tuned,2026-07-31T15:51:42.302047Z-pid-2386634,2026-07-31T15:51:43.876980Z,51f8e720b121ab5492f2adbc3e6cddf7752b6e080f0ea194fbbd57140cb6c5a3,32,0,0,8,24,413.683,693.703,1805.283,2071.869,2.192,157.86
dynamic_rag_corpus_update/segmented_tuned/round_02_sequence_26,dynamic_rag_corpus_update,segmented,tuned,2026-07-31T15:54:59.532836Z-pid-2388978,2026-07-31T15:55:01.149477Z,51f8e720b121ab5492f2adbc3e6cddf7752b6e080f0ea194fbbd57140cb6c5a3,32,0,0,8,24,415.467,710.51,1804.13,2077.108,2.197,158.171
dynamic_rag_corpus_update/segmented_tuned/round_03_sequence_27,dynamic_rag_corpus_update,segmented,tuned,2026-07-31T15:58:14.995831Z-pid-2391838,2026-07-31T15:58:16.594261Z,51f8e720b121ab5492f2adbc3e6cddf7752b6e080f0ea194fbbd57140cb6c5a3,32,0,0,8,24,419.003,716.126,1801.302,2107.717,2.2,158.405
shared_scenario_multi_turn_knowledge_service/old_baseline/round_01_sequence_01,shared_scenario_multi_turn_knowledge_service,old,baseline,2026-07-31T14:41:46.418509Z-pid-2322380,2026-07-31T14:41:47.995327Z,e05dc1bf54e11cfdec742df4693d7ee35aaf6c4ee4757bd90a49db888d0e81cf,32,0,8,0,24,160.812,223.594,1170.164,1237.106,3.378,216.16
shared_scenario_multi_turn_knowledge_service/old_baseline/round_02_sequence_06,shared_scenario_multi_turn_knowledge_service,old,baseline,2026-07-31T14:54:34.188995Z-pid-2337617,2026-07-31T14:54:35.777282Z,e05dc1bf54e11cfdec742df4693d7ee35aaf6c4ee4757bd90a49db888d0e81cf,32,0,8,0,24,161.026,227.316,1176.164,1241.627,3.361,215.087
shared_scenario_multi_turn_knowledge_service/old_baseline/round_03_sequence_11,shared_scenario_multi_turn_knowledge_service,old,baseline,2026-07-31T15:07:35.455570Z-pid-2352487,2026-07-31T15:07:37.039401Z,e05dc1bf54e11cfdec742df4693d7ee35aaf6c4ee4757bd90a49db888d0e81cf,32,0,8,0,24,159.739,224.061,1179.282,1279.423,3.351,214.464
shared_scenario_multi_turn_knowledge_service/old_tuned/round_01_sequence_03,shared_scenario_multi_turn_knowledge_service,old,tuned,2026-07-31T14:46:53.026026Z-pid-2328589,2026-07-31T14:46:54.628299Z,e05dc1bf54e11cfdec742df4693d7ee35aaf6c4ee4757bd90a49db888d0e81cf,32,0,0,0,32,151.737,225.51,1158.385,1237.645,3.411,218.273
shared_scenario_multi_turn_knowledge_service/old_tuned/round_02_sequence_08,shared_scenario_multi_turn_knowledge_service,old,tuned,2026-07-31T14:59:46.308241Z-pid-2343642,2026-07-31T14:59:47.903840Z,e05dc1bf54e11cfdec742df4693d7ee35aaf6c4ee4757bd90a49db888d0e81cf,32,0,0,0,32,151.939,223.094,1157.028,1240.215,3.416,218.622
shared_scenario_multi_turn_knowledge_service/old_tuned/round_03_sequence_09,shared_scenario_multi_turn_knowledge_service,old,tuned,2026-07-31T15:02:25.104195Z-pid-2346468,2026-07-31T15:02:26.680448Z,e05dc1bf54e11cfdec742df4693d7ee35aaf6c4ee4757bd90a49db888d0e81cf,32,0,0,0,32,149.158,219.322,1153.209,1238.775,3.427,219.344
shared_scenario_multi_turn_knowledge_service/segmented_baseline/round_01_sequence_04,shared_scenario_multi_turn_knowledge_service,segmented,baseline,2026-07-31T14:49:32.216977Z-pid-2331669,2026-07-31T14:49:33.798506Z,e05dc1bf54e11cfdec742df4693d7ee35aaf6c4ee4757bd90a49db888d0e81cf,32,0,8,0,24,159.129,223.553,1170.405,1245.139,3.377,216.159
shared_scenario_multi_turn_knowledge_service/segmented_baseline/round_02_sequence_07,shared_scenario_multi_turn_knowledge_service,segmented,baseline,2026-07-31T14:57:09.296506Z-pid-2340629,2026-07-31T14:57:10.887543Z,e05dc1bf54e11cfdec742df4693d7ee35aaf6c4ee4757bd90a49db888d0e81cf,32,0,8,0,24,157.462,221.851,1167.797,1234.837,3.384,216.569
shared_scenario_multi_turn_knowledge_service/segmented_baseline/round_03_sequence_10,shared_scenario_multi_turn_knowledge_service,segmented,baseline,2026-07-31T15:05:02.097916Z-pid-2349492,2026-07-31T15:05:03.672449Z,e05dc1bf54e11cfdec742df4693d7ee35aaf6c4ee4757bd90a49db888d0e81cf,32,0,8,0,24,159.419,216.83,1171.625,1234.457,3.374,215.966
shared_scenario_multi_turn_knowledge_service/segmented_tuned/round_01_sequence_02,shared_scenario_multi_turn_knowledge_service,segmented,tuned,2026-07-31T14:44:25.815718Z-pid-2325664,2026-07-31T14:44:27.383089Z,e05dc1bf54e11cfdec742df4693d7ee35aaf6c4ee4757bd90a49db888d0e81cf,32,0,0,16,16,156.269,218.164,1165.382,1233.826,3.389,216.921
shared_scenario_multi_turn_knowledge_service/segmented_tuned/round_02_sequence_05,shared_scenario_multi_turn_knowledge_service,segmented,tuned,2026-07-31T14:51:59.046678Z-pid-2334387,2026-07-31T14:52:00.619387Z,e05dc1bf54e11cfdec742df4693d7ee35aaf6c4ee4757bd90a49db888d0e81cf,32,0,0,16,16,155.786,225.764,1165.671,1251.33,3.391,217.044
shared_scenario_multi_turn_knowledge_service/segmented_tuned/round_03_sequence_12,shared_scenario_multi_turn_knowledge_service,segmented,tuned,2026-07-31T15:10:12.731022Z-pid-2355495,2026-07-31T15:10:14.308975Z,e05dc1bf54e11cfdec742df4693d7ee35aaf6c4ee4757bd90a49db888d0e81cf,32,0,0,16,16,170.834,241.971,1182.957,1266.346,3.341,213.826
shared_tool_scaffold_agent/old_baseline/round_01_sequence_13,shared_tool_scaffold_agent,old,baseline,2026-07-31T15:13:18.057490Z-pid-2358769,2026-07-31T15:13:19.717231Z,53b7cca85ee96a1609ae3c960e13f1cba78a93633f787694e318e575959f244d,32,0,8,0,24,143.164,186.939,2161.215,2227.828,1.825,233.622
shared_tool_scaffold_agent/old_baseline/round_02_sequence_18,shared_tool_scaffold_agent,old,baseline,2026-07-31T15:29:14.387778Z-pid-2369051,2026-07-31T15:29:15.960999Z,53b7cca85ee96a1609ae3c960e13f1cba78a93633f787694e318e575959f244d,32,0,8,0,24,148.736,192.024,2186.859,2271.836,1.804,230.955
shared_tool_scaffold_agent/old_baseline/round_03_sequence_23,shared_tool_scaffold_agent,old,baseline,2026-07-31T15:45:17.870215Z-pid-2381810,2026-07-31T15:45:19.437429Z,53b7cca85ee96a1609ae3c960e13f1cba78a93633f787694e318e575959f244d,32,0,8,0,24,147.224,185.995,2173.18,2221.192,1.815,232.352
shared_tool_scaffold_agent/old_tuned/round_01_sequence_15,shared_tool_scaffold_agent,old,tuned,2026-07-31T15:19:36.530075Z-pid-2362915,2026-07-31T15:19:38.097537Z,53b7cca85ee96a1609ae3c960e13f1cba78a93633f787694e318e575959f244d,32,0,8,0,24,146.933,183.495,2203.99,2261.767,1.79,229.15
shared_tool_scaffold_agent/old_tuned/round_02_sequence_20,shared_tool_scaffold_agent,old,tuned,2026-07-31T15:35:41.584332Z-pid-2374091,2026-07-31T15:35:43.151676Z,53b7cca85ee96a1609ae3c960e13f1cba78a93633f787694e318e575959f244d,32,0,8,0,24,149.333,187.717,2215.18,2367.066,1.781,228.01
shared_tool_scaffold_agent/old_tuned/round_03_sequence_21,shared_tool_scaffold_agent,old,tuned,2026-07-31T15:38:55.058815Z-pid-2376718,2026-07-31T15:38:56.619490Z,53b7cca85ee96a1609ae3c960e13f1cba78a93633f787694e318e575959f244d,32,0,8,0,24,144.718,181.263,2208.518,2295.025,1.787,228.763
shared_tool_scaffold_agent/segmented_baseline/round_01_sequence_16,shared_tool_scaffold_agent,segmented,baseline,2026-07-31T15:22:51.983290Z-pid-2364895,2026-07-31T15:22:53.615529Z,53b7cca85ee96a1609ae3c960e13f1cba78a93633f787694e318e575959f244d,32,0,8,0,24,147.639,183.94,2176.522,2220.267,1.813,232.07
shared_tool_scaffold_agent/segmented_baseline/round_02_sequence_19,shared_tool_scaffold_agent,segmented,baseline,2026-07-31T15:32:25.671070Z-pid-2371836,2026-07-31T15:32:27.242077Z,53b7cca85ee96a1609ae3c960e13f1cba78a93633f787694e318e575959f244d,32,0,8,0,24,145.399,188.44,2218.354,2278.658,1.778,227.643
shared_tool_scaffold_agent/segmented_baseline/round_03_sequence_22,shared_tool_scaffold_agent,segmented,baseline,2026-07-31T15:42:04.806646Z-pid-2379570,2026-07-31T15:42:06.369876Z,53b7cca85ee96a1609ae3c960e13f1cba78a93633f787694e318e575959f244d,32,0,8,0,24,147.241,184.527,2167.393,2229.752,1.82,233.015
shared_tool_scaffold_agent/segmented_tuned/round_01_sequence_14,shared_tool_scaffold_agent,segmented,tuned,2026-07-31T15:16:33.315245Z-pid-2360977,2026-07-31T15:16:34.906655Z,53b7cca85ee96a1609ae3c960e13f1cba78a93633f787694e318e575959f244d,32,0,8,8,16,140.001,180.293,2156.668,2209.46,1.83,234.221
shared_tool_scaffold_agent/segmented_tuned/round_02_sequence_17,shared_tool_scaffold_agent,segmented,tuned,2026-07-31T15:26:01.220268Z-pid-2366968,2026-07-31T15:26:02.808120Z,53b7cca85ee96a1609ae3c960e13f1cba78a93633f787694e318e575959f244d,32,0,8,8,16,146.765,206.099,2189.57,2278.87,1.802,230.653
shared_tool_scaffold_agent/segmented_tuned/round_03_sequence_24,shared_tool_scaffold_agent,segmented,tuned,2026-07-31T15:48:31.086077Z-pid-2384095,2026-07-31T15:48:32.651674Z,53b7cca85ee96a1609ae3c960e13f1cba78a93633f787694e318e575959f244d,32,0,8,8,16,144.695,186.367,2181.972,2232.966,1.808,231.388
